"","GEOID","rurality"
"1","08013013602","Rural"
"2","08013013701","Rural"
"3","08013013702","Rural"
"4","08013060600","Urban"
"5","08013060700","Urban"
"6","08013060800","Urban"
"7","08013060900","Urban"
"8","08013061300","Urban"
"9","08013061400","Urban"
"10","08014030000","Urban"
"11","08014030100","Urban"
"12","08014030300","Urban"
"13","08014030800","Urban"
"14","08014030200","Urban"
"15","08014030400","Urban"
"16","08014030500","Urban"
"17","08014030600","Urban"
"18","08014030700","Urban"
"19","08014030900","Urban"
"20","08014031000","Urban"
"21","08014031100","Urban"
"22","08014031200","Urban"
"23","08014031300","Urban"
"24","08014031400","Urban"
"25","08014980100",NA
"26","08014980200",NA
"27","08014980300",NA
"28","08015000401","Rural"
"29","08015000100","Urban"
"30","08015000200","Urban"
"31","08015000300","Rural"
"32","08015000402","Urban"
"33","08017960600","Rural"
"34","08019014700","Rural"
"35","08019014800","Rural"
"36","08019014900","Rural"
"37","08025969600","Rural"
"38","08027970100","Rural"
"39","08069001709","Urban"
"40","08069001804","Urban"
"41","08069001806","Urban"
"42","08069001807","Urban"
"43","08069001808","Urban"
"44","08069002007","Urban"
"45","08021974800","Rural"
"46","08029964700","Rural"
"47","08069001809","Urban"
"48","08083969400","Urban"
"49","08083969600","Rural"
"50","08085966100","Rural"
"51","08085966201","Rural"
"52","08085966202","Rural"
"53","08085966300","Urban"
"54","08085966503","Urban"
"55","08085966400","Urban"
"56","08085966501","Rural"
"57","08085966502","Urban"
"58","08085966601","Urban"
"59","08085966602","Rural"
"60","08087000100","Rural"
"61","08087000200","Rural"
"62","08087000300","Urban"
"63","08087000400","Urban"
"64","08087000500","Urban"
"65","08087000600","Urban"
"66","08087000700","Urban"
"67","08087000800","Rural"
"68","08089968400","Rural"
"69","08069001704","Urban"
"70","08089968000","Rural"
"71","08089968100","Urban"
"72","08089968200","Urban"
"73","08089968300","Urban"
"74","08089968500","Rural"
"75","08089968600","Urban"
"76","08093000300","Rural"
"77","08091967600","Rural"
"78","08093000100","Rural"
"79","08093000200","Rural"
"80","08005087300","Urban"
"81","08005087000","Urban"
"82","08005087200","Urban"
"83","08007940400","Rural"
"84","08007974200","Urban"
"85","08007974400","Rural"
"86","08005087100","Urban"
"87","08011966700","Urban"
"88","08013012202","Urban"
"89","08007974300","Rural"
"90","08013012102","Urban"
"91","08013012103","Urban"
"92","08013012104","Urban"
"93","08013012105","Urban"
"94","08013012204","Urban"
"95","08013012300","Urban"
"96","08013012401","Urban"
"97","08013012501","Urban"
"98","08013012507","Urban"
"99","08009964600","Rural"
"100","08009964700","Rural"
"101","08013012101","Urban"
"102","08013012201","Urban"
"103","08013012505","Urban"
"104","08013012508","Urban"
"105","08013012603","Urban"
"106","08013012509","Urban"
"107","08013012510","Urban"
"108","08013012511","Urban"
"109","08013012605","Urban"
"110","08013012607","Urban"
"111","08013012608","Urban"
"112","08013012701","Urban"
"113","08013012705","Urban"
"114","08013012707","Urban"
"115","08013012708","Urban"
"116","08013012709","Urban"
"117","08013012710","Urban"
"118","08013012800","Urban"
"119","08013012903","Urban"
"120","08069001901","Urban"
"121","08069001902","Urban"
"122","08069001903","Rural"
"123","08069002005","Urban"
"124","08069002008","Urban"
"125","08069002010","Urban"
"126","08069002011","Urban"
"127","08069002300","Rural"
"128","08069002401","Rural"
"129","08069002402","Rural"
"130","08069002501","Urban"
"131","08069002502","Urban"
"132","08069002503","Rural"
"133","08069002600","Rural"
"134","08069002700","Urban"
"135","08069002801","Urban"
"136","08069002802","Urban"
"137","08069002803","Rural"
"138","08071000100","Urban"
"139","08071000500","Urban"
"140","08071000200","Urban"
"141","08071000300","Rural"
"142","08071000400","Urban"
"143","08071000800","Rural"
"144","08073961700","Rural"
"145","08073961800","Rural"
"146","08075965900","Rural"
"147","08075966000","Rural"
"148","08075966100","Urban"
"149","08075966200","Urban"
"150","08075966300","Urban"
"151","08075966400","Urban"
"152","08077000200","Urban"
"153","08077000900","Urban"
"154","08077000300","Urban"
"155","08077000400","Urban"
"156","08077000500","Urban"
"157","08077000602","Urban"
"158","08077000601","Urban"
"159","08077000700","Urban"
"160","08077000800","Urban"
"161","08077001001","Urban"
"162","08077001002","Urban"
"163","08077001101","Urban"
"164","08077001102","Urban"
"165","08077001200","Rural"
"166","08077001301","Urban"
"167","08077001302","Urban"
"168","08013012904","Urban"
"169","08013012905","Urban"
"170","08013012907","Urban"
"171","08013013202","Rural"
"172","08013013004","Urban"
"173","08013013005","Urban"
"174","08013013201","Rural"
"175","08013013205","Urban"
"176","08013013207","Urban"
"177","08013013208","Urban"
"178","08013013210","Urban"
"179","08013013211","Urban"
"180","08013013212","Urban"
"181","08013013213","Urban"
"182","08013013306","Urban"
"183","08067970900","Urban"
"184","08067970704","Rural"
"185","08067970701","Rural"
"186","08067970703","Rural"
"187","08067970800","Urban"
"188","08067970600","Rural"
"189","08067971000","Urban"
"190","08067971100","Urban"
"191","08069000402","Urban"
"192","08069000100","Urban"
"193","08069000201","Urban"
"194","08069000202","Urban"
"195","08069000300","Urban"
"196","08069000401","Urban"
"197","08069000503","Urban"
"198","08069000504","Urban"
"199","08069000505","Urban"
"200","08069000506","Urban"
"201","08069000801","Urban"
"202","08069001003","Urban"
"203","08069000600","Urban"
"204","08069000700","Urban"
"205","08069000802","Urban"
"206","08069000901","Urban"
"207","08069000902","Urban"
"208","08069001004","Urban"
"209","08069001007","Urban"
"210","08069001008","Urban"
"211","08069001009","Urban"
"212","08069001010","Urban"
"213","08069001104","Urban"
"214","08069001106","Urban"
"215","08069001107","Urban"
"216","08069001109","Urban"
"217","08069001110","Urban"
"218","08069001111","Urban"
"219","08069001112","Urban"
"220","08069001113","Urban"
"221","08069001114","Urban"
"222","08069001301","Rural"
"223","08069001304","Urban"
"224","08069001308","Urban"
"225","08069001305","Urban"
"226","08069001306","Urban"
"227","08069001307","Urban"
"228","08069001601","Urban"
"229","08069001602","Urban"
"230","08069001603","Urban"
"231","08069001605","Urban"
"232","08069001606","Urban"
"233","08069001607","Urban"
"234","08069001608","Urban"
"235","08069001706","Urban"
"236","08069001708","Urban"
"237","08069001707","Urban"
"238","08001007801","Urban"
"239","08001008000","Urban"
"240","08001008100","Urban"
"241","08001007900","Urban"
"242","08001008308","Urban"
"243","08001008309","Urban"
"244","08001008401","Rural"
"245","08001008200","Urban"
"246","08001007802","Urban"
"247","08001008353","Urban"
"248","08001008402","Rural"
"249","08001008508","Urban"
"250","08001008505","Urban"
"251","08001008506","Urban"
"252","08001008507","Urban"
"253","08001008523","Rural"
"254","08001008524","Urban"
"255","08001008533","Urban"
"256","08001008535","Urban"
"257","08001008536","Urban"
"258","08001008537","Urban"
"259","08001008539","Urban"
"260","08001008540","Urban"
"261","08001008541","Urban"
"262","08037000401","Urban"
"263","08037000402","Urban"
"264","08037000403","Urban"
"265","08037000501","Urban"
"266","08037000502","Urban"
"267","08037000503","Urban"
"268","08037000600","Urban"
"269","08037000701","Urban"
"270","08037000702","Urban"
"271","08037000703","Urban"
"272","08039961100","Rural"
"273","08039961204","Rural"
"274","08039961208","Rural"
"275","08039961205","Rural"
"276","08039961206","Rural"
"277","08039961207","Rural"
"278","08039961209","Rural"
"279","08041000202","Urban"
"280","08041000302","Urban"
"281","08041000101","Urban"
"282","08041000102","Urban"
"283","08041000203","Urban"
"284","08041000301","Urban"
"285","08041000600","Urban"
"286","08041000700","Urban"
"287","08041000400","Urban"
"288","08041000500","Urban"
"289","08041000800","Urban"
"290","08041000900","Urban"
"291","08041001000","Urban"
"292","08041001101","Urban"
"293","08041001104","Urban"
"294","08041001301","Urban"
"295","08041001302","Urban"
"296","08041001400","Urban"
"297","08041001500","Urban"
"298","08041001900","Urban"
"299","08041001600","Urban"
"300","08041001700","Urban"
"301","08041001800","Urban"
"302","08041002000","Urban"
"303","08041002101","Urban"
"304","08041002102","Urban"
"305","08041002200","Urban"
"306","08041002300","Urban"
"307","08041002400","Urban"
"308","08041002501","Urban"
"309","08041002502","Urban"
"310","08041002700","Urban"
"311","08041002800","Urban"
"312","08041002900","Urban"
"313","08041003100","Urban"
"314","08041003305","Urban"
"315","08123002101","Urban"
"316","08123002102","Urban"
"317","08123002103","Rural"
"318","08123002203","Urban"
"319","08123002204","Urban"
"320","08123002205","Urban"
"321","08123002206","Urban"
"322","08123002207","Urban"
"323","08123002208","Urban"
"324","08123002209","Rural"
"325","08123002210","Rural"
"326","08123002300","Rural"
"327","08123002501","Rural"
"328","08041003306","Urban"
"329","08041003307","Urban"
"330","08123002502","Rural"
"331","08125963100","Rural"
"332","08125963200","Urban"
"333","08035014009","Urban"
"334","08035014010","Urban"
"335","08035014012","Urban"
"336","08035014007","Urban"
"337","08035014005","Urban"
"338","08035014011","Urban"
"339","08035014013","Urban"
"340","08035014110","Urban"
"341","08035014107","Urban"
"342","08035014108","Urban"
"343","08035014109","Urban"
"344","08035014112","Urban"
"345","08035014113","Urban"
"346","08035014114","Urban"
"347","08035014115","Urban"
"348","08035014116","Urban"
"349","08035014122","Urban"
"350","08035014123","Urban"
"351","08035014124","Urban"
"352","08035014125","Urban"
"353","08035014126","Urban"
"354","08035014127","Urban"
"355","08035014128","Urban"
"356","08035014129","Urban"
"357","08035014130","Urban"
"358","08035014131","Urban"
"359","08035014132","Urban"
"360","08035014136","Urban"
"361","08035014133","Urban"
"362","08035014135","Urban"
"363","08035014137","Urban"
"364","08035014138","Urban"
"365","08035014139","Urban"
"366","08035014140","Urban"
"367","08035014202","Rural"
"368","08031005002","Urban"
"369","08035014203","Urban"
"370","08035014204","Urban"
"371","08035014300","Rural"
"372","08035014403","Rural"
"373","08035014404","Rural"
"374","08035014405","Urban"
"375","08035014406","Urban"
"376","08035014503","Urban"
"377","08035014504","Urban"
"378","08035014505","Urban"
"379","08035014506","Rural"
"380","08035014602","Rural"
"381","08035014603","Urban"
"382","08037000302","Urban"
"383","08035014134","Urban"
"384","08035014604","Urban"
"385","08037000100","Rural"
"386","08037000200","Urban"
"387","08037000301","Urban"
"388","08123000600","Urban"
"389","08123000800","Urban"
"390","08123000703","Urban"
"391","08123000704","Urban"
"392","08123000705","Rural"
"393","08123000900","Urban"
"394","08123001003","Urban"
"395","08123001004","Urban"
"396","08123001005","Urban"
"397","08123001006","Urban"
"398","08123001100","Urban"
"399","08123001201","Urban"
"400","08123001202","Urban"
"401","08123001300","Urban"
"402","08123001404","Urban"
"403","08123001405","Urban"
"404","08123001406","Urban"
"405","08123001407","Urban"
"406","08123001408","Urban"
"407","08123001409","Urban"
"408","08123001410","Urban"
"409","08123001411","Urban"
"410","08123001412","Urban"
"411","08123001416","Urban"
"412","08123001413","Urban"
"413","08123001414","Urban"
"414","08123001415","Urban"
"415","08123001417","Urban"
"416","08031005102","Urban"
"417","08031005300","Urban"
"418","08031005104","Urban"
"419","08031005200","Urban"
"420","08031005502","Urban"
"421","08031005503","Urban"
"422","08031006810","Urban"
"423","08031006811","Urban"
"424","08031006812","Urban"
"425","08031006813","Urban"
"426","08031006814","Urban"
"427","08031006901","Urban"
"428","08031007006","Urban"
"429","08031007013","Urban"
"430","08031007037","Urban"
"431","08031007088","Urban"
"432","08031008306","Urban"
"433","08031007089","Urban"
"434","08031008304","Urban"
"435","08031008305","Urban"
"436","08031008312","Urban"
"437","08031008386","Urban"
"438","08031008387","Urban"
"439","08031008388","Urban"
"440","08031008389","Urban"
"441","08031008390","Urban"
"442","08031008391","Urban"
"443","08031011902","Urban"
"444","08031011903","Urban"
"445","08031012001","Urban"
"446","08031012010","Urban"
"447","08031012014","Urban"
"448","08031015300","Urban"
"449","08031015400","Urban"
"450","08031015500","Urban"
"451","08031015600","Urban"
"452","08031015700","Urban"
"453","08031006701","Urban"
"454","08031006804","Urban"
"455","08031006809","Urban"
"456","08031980000","Urban"
"457","08031980100",NA
"458","08035013905","Urban"
"459","08033000100","Rural"
"460","08123001500","Urban"
"461","08123001600","Rural"
"462","08123001700","Rural"
"463","08123001800","Rural"
"464","08123001902","Urban"
"465","08123001906","Urban"
"466","08123001908","Urban"
"467","08123002004","Urban"
"468","08123002005","Rural"
"469","08123002006","Rural"
"470","08123002007","Urban"
"471","08123002008","Urban"
"472","08123002009","Rural"
"473","08123002010","Urban"
"474","08123002015","Urban"
"475","08123002012","Urban"
"476","08123002013","Urban"
"477","08123002014","Urban"
"478","08123001905","Urban"
"479","08123001907","Urban"
"480","08123002011","Rural"
"481","08123002016","Urban"
"482","08123002017","Urban"
"483","08123002018","Urban"
"484","08123002019","Urban"
"485","08123002020","Urban"
"486","08123002021","Rural"
"487","08035013907","Urban"
"488","08035013904","Urban"
"489","08035013901","Urban"
"490","08035013908","Urban"
"491","08035013909","Urban"
"492","08035013910","Urban"
"493","08035013911","Urban"
"494","08035014001","Urban"
"495","08035014006","Urban"
"496","08035014008","Urban"
"497","08101002916","Urban"
"498","08101002917","Urban"
"499","08101002918","Rural"
"500","08101003001","Rural"
"501","08101003004","Urban"
"502","08101003103","Urban"
"503","08101003104","Urban"
"504","08101003105","Urban"
"505","08101003106","Urban"
"506","08101003200","Rural"
"507","08101003500","Urban"
"508","08101003600","Urban"
"509","08101980100",NA
"510","08103951100","Rural"
"511","08103951200","Rural"
"512","08105976700","Urban"
"513","08105976800","Rural"
"514","08107000300","Rural"
"515","08105977000","Rural"
"516","08107000100","Rural"
"517","08107000200","Rural"
"518","08107000400","Urban"
"519","08107000500","Urban"
"520","08107000600","Urban"
"521","08107000700","Urban"
"522","08107000800","Rural"
"523","08109977600","Rural"
"524","08109977700","Rural"
"525","08111972600","Rural"
"526","08113968101","Rural"
"527","08113968102","Rural"
"528","08113968103","Rural"
"529","08113968200","Rural"
"530","08115968300","Rural"
"531","08117000100","Urban"
"532","08117000200","Urban"
"533","08117000300","Urban"
"534","08031003004","Urban"
"535","08031002703","Urban"
"536","08119010103","Urban"
"537","08117000401","Urban"
"538","08117000402","Urban"
"539","08119010106","Rural"
"540","08119010104","Urban"
"541","08119010105","Rural"
"542","08119010201","Rural"
"543","08119010202","Rural"
"544","08121924100","Rural"
"545","08121924200","Rural"
"546","08123000100","Urban"
"547","08123000200","Urban"
"548","08123000300","Urban"
"549","08123000402","Urban"
"550","08123000502","Urban"
"551","08123000701","Urban"
"552","08123000401","Urban"
"553","08123000501","Urban"
"554","08031002902","Urban"
"555","08031003001","Urban"
"556","08031003002","Urban"
"557","08031003003","Urban"
"558","08031003101","Urban"
"559","08031003102","Urban"
"560","08031003201","Urban"
"561","08031003202","Urban"
"562","08031003203","Urban"
"563","08031003300","Urban"
"564","08031003401","Urban"
"565","08031003402","Urban"
"566","08031003500","Urban"
"567","08031003601","Urban"
"568","08031003602","Urban"
"569","08031003603","Urban"
"570","08031003800","Urban"
"571","08031003701","Urban"
"572","08031003702","Urban"
"573","08031003703","Urban"
"574","08031003901","Urban"
"575","08031003902","Urban"
"576","08031004002","Urban"
"577","08031004003","Urban"
"578","08031004004","Urban"
"579","08031004005","Urban"
"580","08031004006","Urban"
"581","08031004101","Urban"
"582","08031004102","Urban"
"583","08031004103","Urban"
"584","08031004104","Urban"
"585","08031004106","Urban"
"586","08031004107","Urban"
"587","08031004201","Urban"
"588","08031004202","Urban"
"589","08031004304","Urban"
"590","08031004301","Urban"
"591","08031004302","Urban"
"592","08031004303","Urban"
"593","08031004306","Urban"
"594","08031004403","Urban"
"595","08031004404","Urban"
"596","08031004405","Urban"
"597","08031004503","Urban"
"598","08031004504","Urban"
"599","08031004505","Urban"
"600","08031004506","Urban"
"601","08021974900","Rural"
"602","08023972600","Rural"
"603","08023972700","Rural"
"604","08029964600","Rural"
"605","08029964800","Rural"
"606","08029964900","Urban"
"607","08029965000","Rural"
"608","08029965100","Urban"
"609","08029965200","Rural"
"610","08031000301","Urban"
"611","08031000102","Urban"
"612","08031000201","Urban"
"613","08031000202","Urban"
"614","08031000302","Urban"
"615","08031000303","Urban"
"616","08031000701","Urban"
"617","08031000501","Urban"
"618","08031000502","Urban"
"619","08031000600","Urban"
"620","08031000702","Urban"
"621","08031000902","Urban"
"622","08031000905","Urban"
"623","08031001102","Urban"
"624","08031001301","Urban"
"625","08031000401","Urban"
"626","08031000402","Urban"
"627","08031000800","Urban"
"628","08031001101","Urban"
"629","08031000903","Urban"
"630","08031000904","Urban"
"631","08031001302","Urban"
"632","08031004601","Urban"
"633","08031004602","Urban"
"634","08031004603","Urban"
"635","08031004700","Urban"
"636","08031004801","Urban"
"637","08031005001","Urban"
"638","08093000400","Rural"
"639","08093000500","Rural"
"640","08095967600","Rural"
"641","08095967700","Rural"
"642","08097000100","Rural"
"643","08097000401","Urban"
"644","08097000402","Urban"
"645","08097000500","Rural"
"646","08099000100","Rural"
"647","08099000200","Urban"
"648","08099000300","Urban"
"649","08099000600","Rural"
"650","08099000700","Rural"
"651","08101000100","Urban"
"652","08101000500","Urban"
"653","08101000200","Urban"
"654","08101000300","Urban"
"655","08101000400","Urban"
"656","08101000600","Urban"
"657","08101000800","Urban"
"658","08101000902","Urban"
"659","08101000904","Urban"
"660","08101001000","Urban"
"661","08101001100","Urban"
"662","08101001200","Urban"
"663","08101001500","Urban"
"664","08101001600","Urban"
"665","08101001700","Urban"
"666","08101000903","Urban"
"667","08101000905","Urban"
"668","08101001400","Urban"
"669","08101001800","Urban"
"670","08101002200","Urban"
"671","08101001900","Urban"
"672","08101002000","Urban"
"673","08101002100","Urban"
"674","08101002300","Urban"
"675","08101002400","Urban"
"676","08101002500","Urban"
"677","08101002600","Urban"
"678","08101002700","Urban"
"679","08101002801","Urban"
"680","08013012203","Urban"
"681","08013013003","Urban"
"682","08013013006","Urban"
"683","08013013302","Urban"
"684","08013013305","Urban"
"685","08013013307","Urban"
"686","08013013308","Urban"
"687","08013013401","Urban"
"688","08013013402","Urban"
"689","08013013507","Urban"
"690","08013013503","Urban"
"691","08013013505","Urban"
"692","08013013506","Urban"
"693","08013013508","Urban"
"694","08013013601","Rural"
"695","08031001401","Urban"
"696","08031001402","Urban"
"697","08031001702","Urban"
"698","08031001000","Urban"
"699","08031001403","Urban"
"700","08031001500","Urban"
"701","08031001600","Urban"
"702","08031001701","Urban"
"703","08031001800","Urban"
"704","08031001901","Urban"
"705","08031001902","Urban"
"706","08031002000","Urban"
"707","08031002100","Urban"
"708","08031002300","Urban"
"709","08031002402","Urban"
"710","08031002403","Urban"
"711","08031002601","Urban"
"712","08031002602","Urban"
"713","08031002701","Urban"
"714","08031002702","Urban"
"715","08031002801","Urban"
"716","08031002802","Urban"
"717","08077001402","Urban"
"718","08077001403","Urban"
"719","08077001404","Urban"
"720","08077001501","Urban"
"721","08077001502","Rural"
"722","08077001600","Urban"
"723","08077001702","Urban"
"724","08077001703","Urban"
"725","08077001705","Urban"
"726","08077001900","Rural"
"727","08031002803","Urban"
"728","08031002901","Urban"
"729","08077001706","Urban"
"730","08077001707","Urban"
"731","08077001800","Rural"
"732","08079973600","Rural"
"733","08081000300","Rural"
"734","08081000400","Urban"
"735","08081000500","Urban"
"736","08081000600","Rural"
"737","08083941100","Rural"
"738","08083969000","Rural"
"739","08083969100","Rural"
"740","08083969200","Rural"
"741","08083969300","Urban"
"742","08101002802","Urban"
"743","08101002804","Rural"
"744","08101002806","Rural"
"745","08101002807","Urban"
"746","08101002808","Urban"
"747","08101002901","Urban"
"748","08101002903","Urban"
"749","08101002906","Urban"
"750","08101002911","Urban"
"751","08101002915","Urban"
"752","08101002912","Urban"
"753","08101002913","Urban"
"754","08101002914","Urban"
"755","08001009410","Urban"
"756","08001009411","Urban"
"757","08001009501","Urban"
"758","08001009502","Urban"
"759","08001009553","Urban"
"760","08001009603","Urban"
"761","08001009604","Urban"
"762","08001009606","Urban"
"763","08005080300","Urban"
"764","08005080700","Urban"
"765","08005080400","Urban"
"766","08005080500","Urban"
"767","08005080600","Urban"
"768","08005080800","Urban"
"769","08005081200","Urban"
"770","08005080900","Urban"
"771","08005081000","Urban"
"772","08005081100","Urban"
"773","08005081300","Urban"
"774","08005081400","Urban"
"775","08045951902","Urban"
"776","08045952001","Urban"
"777","08045952002","Urban"
"778","08047013800","Rural"
"779","08049000100","Rural"
"780","08049000201","Rural"
"781","08049000202","Rural"
"782","08041004503","Urban"
"783","08045951600","Urban"
"784","08045951802","Rural"
"785","08045952100","Urban"
"786","08051963700","Urban"
"787","08051963900","Rural"
"788","08051963800","Rural"
"789","08051963600","Rural"
"790","08053973100","Rural"
"791","08055960600","Urban"
"792","08055960900","Rural"
"793","08057955600","Rural"
"794","08059009824","Urban"
"795","08059009806","Urban"
"796","08059009807","Urban"
"797","08059009823","Urban"
"798","08059009808","Rural"
"799","08059009815","Urban"
"800","08059009827","Urban"
"801","08059009828","Urban"
"802","08059009829","Urban"
"803","08059009830","Urban"
"804","08059009831","Urban"
"805","08059009834","Urban"
"806","08059009832","Urban"
"807","08059009833","Urban"
"808","08059009835","Urban"
"809","08001009607","Urban"
"810","08001009608","Urban"
"811","08001060000","Urban"
"812","08001009751","Urban"
"813","08001009752","Urban"
"814","08001015000","Urban"
"815","08001060100","Urban"
"816","08001060200","Urban"
"817","08001061200","Urban"
"818","08001988700",NA
"819","08003960000","Rural"
"820","08003960100","Rural"
"821","08003960200","Urban"
"822","08003960300","Urban"
"823","08005004951","Urban"
"824","08005004952","Urban"
"825","08005005552","Urban"
"826","08005005551","Urban"
"827","08005005553","Urban"
"828","08005005611","Urban"
"829","08005005612","Urban"
"830","08005005614","Urban"
"831","08005005619","Urban"
"832","08005005623","Urban"
"833","08005005620","Urban"
"834","08005005621","Urban"
"835","08005005622","Urban"
"836","08005005624","Urban"
"837","08005005625","Urban"
"838","08005005626","Urban"
"839","08005005627","Urban"
"840","08005005628","Urban"
"841","08005005629","Urban"
"842","08005005630","Urban"
"843","08005005631","Urban"
"844","08005005632","Urban"
"845","08005005633","Urban"
"846","08005005634","Urban"
"847","08005005635","Urban"
"848","08005005636","Urban"
"849","08005005700","Urban"
"850","08005005800","Urban"
"851","08005005951","Urban"
"852","08005006200","Urban"
"853","08005005952","Urban"
"854","08005006000","Urban"
"855","08005006100","Urban"
"856","08059009837","Urban"
"857","08059009838","Urban"
"858","08059009839","Urban"
"859","08059009842","Urban"
"860","08059009843","Urban"
"861","08059009845","Urban"
"862","08059009846","Urban"
"863","08059009847","Urban"
"864","08059009848","Rural"
"865","08059009849","Urban"
"866","08059009850","Rural"
"867","08059009851","Urban"
"868","08059010205","Urban"
"869","08059009852","Urban"
"870","08059009900","Urban"
"871","08059010000","Urban"
"872","08059010206","Urban"
"873","08059010208","Urban"
"874","08059010209","Urban"
"875","08059010210","Urban"
"876","08059010212","Urban"
"877","08001008542","Urban"
"878","08001008543","Urban"
"879","08001008548","Urban"
"880","08001008544","Urban"
"881","08001008545","Urban"
"882","08001008547","Urban"
"883","08001008549","Urban"
"884","08001008550","Urban"
"885","08001008551","Urban"
"886","08001008603","Urban"
"887","08041005400","Urban"
"888","08041005501","Urban"
"889","08041005502","Urban"
"890","08041005601","Urban"
"891","08041005602","Urban"
"892","08041006000","Urban"
"893","08041005700","Urban"
"894","08041005800","Urban"
"895","08041005900","Urban"
"896","08041006100","Urban"
"897","08041006200","Urban"
"898","08041006301","Urban"
"899","08041006302","Urban"
"900","08041006400","Urban"
"901","08041006501","Urban"
"902","08041006502","Urban"
"903","08041006600","Urban"
"904","08041006700","Urban"
"905","08041006801","Urban"
"906","08041006802","Urban"
"907","08041006901","Urban"
"908","08041006902","Urban"
"909","08041007000","Urban"
"910","08041007101","Urban"
"911","08041007102","Urban"
"912","08041007400","Urban"
"913","08041007201","Urban"
"914","08041007202","Urban"
"915","08041007300","Urban"
"916","08041007500","Rural"
"917","08041007601","Rural"
"918","08041007602","Rural"
"919","08041007700","Urban"
"920","08041007800","Urban"
"921","08041007900","Urban"
"922","08041008000","Urban"
"923","08043978100","Rural"
"924","08043978200","Urban"
"925","08043978300","Urban"
"926","08043978400","Urban"
"927","08043978500","Urban"
"928","08043978600","Urban"
"929","08043978800","Urban"
"930","08043979000","Rural"
"931","08043979100","Urban"
"932","08043980200","Urban"
"933","08043979200","Urban"
"934","08001008526","Urban"
"935","08001008538","Urban"
"936","08001008546","Urban"
"937","08001008529","Urban"
"938","08001008534","Urban"
"939","08001008604","Urban"
"940","08001008605","Urban"
"941","08001008606","Urban"
"942","08001008705","Urban"
"943","08001008706","Urban"
"944","08001008709","Urban"
"945","08001008801","Urban"
"946","08001008802","Urban"
"947","08001008901","Urban"
"948","08001009001","Urban"
"949","08001009002","Urban"
"950","08001009101","Urban"
"951","08001009202","Urban"
"952","08001009103","Urban"
"953","08001009104","Urban"
"954","08001009206","Urban"
"955","08001009203","Urban"
"956","08001009204","Urban"
"957","08001009207","Urban"
"958","08001009304","Urban"
"959","08001009306","Urban"
"960","08001009307","Urban"
"961","08001009308","Urban"
"962","08001009309","Urban"
"963","08001009310","Urban"
"964","08001009316","Urban"
"965","08001009318","Urban"
"966","08001009319","Urban"
"967","08001009320","Urban"
"968","08001009321","Urban"
"969","08001009322","Urban"
"970","08001009327","Urban"
"971","08001009323","Urban"
"972","08001009325","Urban"
"973","08001009326","Urban"
"974","08001009401","Urban"
"975","08001009406","Urban"
"976","08001009407","Urban"
"977","08001009408","Urban"
"978","08001009409","Urban"
"979","08041003308","Urban"
"980","08041003400","Urban"
"981","08043979400","Rural"
"982","08043980100","Urban"
"983","08043980300","Urban"
"984","08045951701","Urban"
"985","08045951702","Urban"
"986","08045951803","Urban"
"987","08045951804","Urban"
"988","08045951901","Urban"
"989","08041003706","Urban"
"990","08041003000","Urban"
"991","08041003303","Urban"
"992","08041003701","Urban"
"993","08041003702","Urban"
"994","08041003705","Urban"
"995","08041003707","Urban"
"996","08041003708","Urban"
"997","08041003709","Urban"
"998","08041003801","Rural"
"999","08041003802","Urban"
"1000","08041003902","Urban"
"1001","08041003905","Urban"
"1002","08041003906","Urban"
"1003","08041003909","Rural"
"1004","08041004008","Urban"
"1005","08041004009","Urban"
"1006","08041004100","Urban"
"1007","08041004402","Urban"
"1008","08041004200","Urban"
"1009","08041004300","Urban"
"1010","08041004401","Urban"
"1011","08041004403","Rural"
"1012","08041004501","Urban"
"1013","08041004502","Urban"
"1014","08041004506","Urban"
"1015","08041004507","Urban"
"1016","08041004508","Urban"
"1017","08041004510","Urban"
"1018","08041004511","Urban"
"1019","08041004601","Rural"
"1020","08041004602","Rural"
"1021","08041004603","Rural"
"1022","08041004701","Urban"
"1023","08041004702","Urban"
"1024","08041004703","Urban"
"1025","08041004705","Urban"
"1026","08041004706","Urban"
"1027","08041005000","Urban"
"1028","08041004800","Urban"
"1029","08041004901","Urban"
"1030","08041004902","Urban"
"1031","08041005104","Urban"
"1032","08041005105","Urban"
"1033","08041005106","Urban"
"1034","08041005107","Urban"
"1035","08041005108","Urban"
"1036","08041005109","Urban"
"1037","08041005110","Urban"
"1038","08041005111","Urban"
"1039","08041005201","Urban"
"1040","08041005202","Urban"
"1041","08041005300","Urban"
"1042","08059011803","Urban"
"1043","08059011804","Urban"
"1044","08059011805","Urban"
"1045","08059011806","Urban"
"1046","08059011904","Urban"
"1047","08059011951","Urban"
"1048","08059012022","Urban"
"1049","08059012023","Urban"
"1050","08059012024","Urban"
"1051","08059012026","Rural"
"1052","08059012027","Rural"
"1053","08059012030","Rural"
"1054","08059012031","Rural"
"1055","08059012032","Rural"
"1056","08059012033","Rural"
"1057","08059012034","Urban"
"1058","08059012038","Urban"
"1059","08059012035","Urban"
"1060","08059012036","Urban"
"1061","08059012037","Rural"
"1062","08059012039","Urban"
"1063","08059012041","Urban"
"1064","08059012042","Urban"
"1065","08059012043","Urban"
"1066","08059012044","Urban"
"1067","08059012045","Urban"
"1068","08059012046","Urban"
"1069","08059012047","Urban"
"1070","08059012048","Urban"
"1071","08059012049","Urban"
"1072","08059012050","Urban"
"1073","08059012051","Urban"
"1074","08059012052","Urban"
"1075","08059012053","Urban"
"1076","08059012054","Urban"
"1077","08059012055","Urban"
"1078","08059012057","Urban"
"1079","08005081500","Urban"
"1080","08005081600","Urban"
"1081","08005081700","Urban"
"1082","08005081800","Urban"
"1083","08005081900","Urban"
"1084","08005082000","Urban"
"1085","08005082100","Urban"
"1086","08005082200","Urban"
"1087","08005082300","Urban"
"1088","08005082400","Urban"
"1089","08005082500","Urban"
"1090","08005082600","Urban"
"1091","08005082700","Urban"
"1092","08005082800","Urban"
"1093","08005083100","Urban"
"1094","08005082900","Urban"
"1095","08005083000","Urban"
"1096","08005083200","Urban"
"1097","08005083300","Urban"
"1098","08005083400","Urban"
"1099","08005083500","Urban"
"1100","08005083600","Urban"
"1101","08005083700","Urban"
"1102","08005083800","Urban"
"1103","08005083900","Urban"
"1104","08005084000","Urban"
"1105","08005084100","Urban"
"1106","08005084200","Urban"
"1107","08005084300","Urban"
"1108","08005084400","Urban"
"1109","08005084500","Urban"
"1110","08005084600","Urban"
"1111","08005084700","Urban"
"1112","08005084800","Urban"
"1113","08005084900","Urban"
"1114","08005085000","Urban"
"1115","08005085100","Urban"
"1116","08005085200","Urban"
"1117","08005085300","Urban"
"1118","08005085400","Urban"
"1119","08005085500","Urban"
"1120","08005085600","Urban"
"1121","08005085700","Urban"
"1122","08005085800","Urban"
"1123","08059012058","Rural"
"1124","08059012059","Urban"
"1125","08059012060","Urban"
"1126","08059015800","Urban"
"1127","08059015900","Urban"
"1128","08059060300","Urban"
"1129","08059060400","Urban"
"1130","08059060500","Urban"
"1131","08059980000",NA
"1132","08059980400","Urban"
"1133","08061960100","Rural"
"1134","08063962100","Urban"
"1135","08063962200","Rural"
"1136","08063962300","Rural"
"1137","08065961700","Urban"
"1138","08065961900","Rural"
"1139","08067940300","Rural"
"1140","08067940400","Rural"
"1141","08005085900","Urban"
"1142","08005086000","Urban"
"1143","08005086100","Urban"
"1144","08005086200","Urban"
"1145","08005086300","Urban"
"1146","08005086400","Urban"
"1147","08005086500","Urban"
"1148","08005086600","Urban"
"1149","08005086700","Urban"
"1150","08005086800","Urban"
"1151","08005086900","Urban"
"1152","08059010213","Urban"
"1153","08059010303","Urban"
"1154","08059010304","Urban"
"1155","08059010305","Urban"
"1156","08059010306","Urban"
"1157","08059009836","Urban"
"1158","08059009840","Urban"
"1159","08059010100","Urban"
"1160","08059009841","Urban"
"1161","08059010211","Urban"
"1162","08059010307","Urban"
"1163","08059010308","Urban"
"1164","08059010402","Urban"
"1165","08059010403","Urban"
"1166","08059010503","Urban"
"1167","08059010405","Urban"
"1168","08059010406","Urban"
"1169","08059010502","Urban"
"1170","08059010504","Urban"
"1171","08059010603","Urban"
"1172","08059010604","Urban"
"1173","08059010701","Urban"
"1174","08059010702","Urban"
"1175","08059010801","Urban"
"1176","08059010901","Urban"
"1177","08059010902","Urban"
"1178","08059011000","Urban"
"1179","08059011100","Urban"
"1180","08059011202","Urban"
"1181","08059011300","Urban"
"1182","08059011401","Urban"
"1183","08059011402","Urban"
"1184","08059011550","Urban"
"1185","08059011702","Urban"
"1186","08059011601","Urban"
"1187","08005006300","Urban"
"1188","08005006400","Urban"
"1189","08005006501","Urban"
"1190","08005006502","Urban"
"1191","08005006601","Urban"
"1192","08005006603","Urban"
"1193","08005006604","Urban"
"1194","08005006704","Urban"
"1195","08005006705","Urban"
"1196","08005006706","Urban"
"1197","08005006707","Urban"
"1198","08005006708","Urban"
"1199","08005006709","Urban"
"1200","08005006711","Urban"
"1201","08005006712","Urban"
"1202","08005006854","Urban"
"1203","08005006713","Urban"
"1204","08005006808","Urban"
"1205","08005006815","Urban"
"1206","08005006855","Urban"
"1207","08005006856","Urban"
"1208","08005006857","Urban"
"1209","08005006858","Urban"
"1210","08005007105","Urban"
"1211","08005007101","Rural"
"1212","08005007103","Rural"
"1213","08005007104","Urban"
"1214","08005007106","Urban"
"1215","08005007107","Urban"
"1216","08005007201","Urban"
"1217","08005007202","Urban"
"1218","08005007301","Urban"
"1219","08005007302","Urban"
"1220","08005007400","Urban"
"1221","08005007500","Urban"
"1222","08005007600","Urban"
"1223","08005007702","Urban"
"1224","08005007703","Urban"
"1225","08005007704","Urban"
"1226","08005015100","Urban"
"1227","08005080000","Urban"
"1228","08005080100","Urban"
"1229","08005080200","Urban"
"1230","08059011602","Urban"
"1231","08059011701","Urban"
"1232","08059011708","Urban"
"1233","08059011709","Urban"
"1234","08059011710","Urban"
"1235","08059011711","Urban"
"1236","08059011712","Urban"
"1237","08059011720","Urban"
"1238","08059011721","Urban"
"1239","08059011723","Urban"
"1240","08059011724","Urban"
"1241","08059011725","Urban"
"1242","08059011726","Urban"
"1243","08059011727","Urban"
"1244","08059011728","Urban"
"1245","08059011729","Urban"
"1246","08059011730","Urban"
"1247","08059011731","Urban"
"1248","08059011732","Urban"
"1249","08059011733","Urban"
